{
    "comment": "",
    "TripInteraction_1_had_rbf": 18.553592681884766,
    "TripInteraction_1_sum_cbf": 8.07958984375,
    "AtomUpdate_1_sum": 1.1176888942718506,
    "TripInteraction_2_had_rbf": 15.55826187133789,
    "TripInteraction_2_sum_cbf": 8.001847267150879,
    "AtomUpdate_2_sum": 0.9205347895622253,
    "TripInteraction_3_had_rbf": 14.743935585021973,
    "TripInteraction_3_sum_cbf": 7.261441707611084,
    "AtomUpdate_3_sum": 0.8519173264503479,
    "OutBlock_0_sum": 1.7036911249160767,
    "OutBlock_0_had": 16.592065811157227,
    "OutBlock_1_sum": 1.165382981300354,
    "OutBlock_1_had": 14.203211784362793,
    "OutBlock_2_sum": 1.0996519327163696,
    "OutBlock_2_had": 14.923491477966309,
    "OutBlock_3_sum": 1.2421197891235352,
    "OutBlock_3_had": 17.27405548095703
}